team,odds,dateandtimeran
Los Angeles Dodgers,250,33:22.4
New York Yankees,800,33:22.4
Atlanta Braves,900,33:22.4
Philadelphia Phillies,1200,33:22.4
New York Mets,1000,33:22.4
Houston Astros,1800,33:22.4
Baltimore Orioles,1300,33:22.4
San Diego Padres,2800,33:22.4
Cleveland Guardians,2800,33:22.4
Boston Red Sox,2500,33:22.4
Texas Rangers,3000,33:22.4
Chicago Cubs,2800,33:22.4
Seattle Mariners,3000,33:22.4
Arizona Diamondbacks,2800,33:22.4
Detroit Tigers,2800,33:22.4
Kansas City Royals,4000,33:22.4
Milwaukee Brewers,4000,33:22.4
Minnesota Twins,4000,33:22.4
San Francisco Giants,8000,33:22.4
Toronto Blue Jays,4500,33:22.4
Tampa Bay Rays,6000,33:22.4
Cincinnati Reds,7000,33:22.4
St. Louis Cardinals,10000,33:22.4
Pittsburgh Pirates,10000,33:22.4
Washington Nationals,15000,33:22.4
Los Angeles Angels,15000,33:22.4
Miami Marlins,50000,33:22.4
Chicago White Sox,50000,33:22.4
Colorado Rockies,50000,33:22.4
Los Angeles Dodgers,250,2025-02-09 21:34:12.692501
New York Yankees,800,2025-02-09 21:34:12.692501
Atlanta Braves,900,2025-02-09 21:34:12.692501
Philadelphia Phillies,1200,2025-02-09 21:34:12.692501
New York Mets,1000,2025-02-09 21:34:12.692501
Houston Astros,1800,2025-02-09 21:34:12.692501
Baltimore Orioles,1300,2025-02-09 21:34:12.692501
San Diego Padres,2800,2025-02-09 21:34:12.692501
Cleveland Guardians,2800,2025-02-09 21:34:12.692501
Boston Red Sox,2500,2025-02-09 21:34:12.692501
Texas Rangers,3000,2025-02-09 21:34:12.692501
Chicago Cubs,2800,2025-02-09 21:34:12.692501
Seattle Mariners,3000,2025-02-09 21:34:12.692501
Arizona Diamondbacks,2800,2025-02-09 21:34:12.692501
Detroit Tigers,2800,2025-02-09 21:34:12.692501
Kansas City Royals,4000,2025-02-09 21:34:12.692501
Milwaukee Brewers,4000,2025-02-09 21:34:12.692501
Minnesota Twins,4000,2025-02-09 21:34:12.692501
San Francisco Giants,8000,2025-02-09 21:34:12.692501
Toronto Blue Jays,4500,2025-02-09 21:34:12.692501
Tampa Bay Rays,6000,2025-02-09 21:34:12.692501
Cincinnati Reds,7000,2025-02-09 21:34:12.692501
St. Louis Cardinals,10000,2025-02-09 21:34:12.692501
Pittsburgh Pirates,10000,2025-02-09 21:34:12.692501
Washington Nationals,15000,2025-02-09 21:34:12.692501
Los Angeles Angels,15000,2025-02-09 21:34:12.692501
Miami Marlins,50000,2025-02-09 21:34:12.692501
Chicago White Sox,50000,2025-02-09 21:34:12.692501
Colorado Rockies,50000,2025-02-09 21:34:12.692501
Los Angeles Dodgers,250,2025-02-09 21:34:49.016495
New York Yankees,800,2025-02-09 21:34:49.016495
Atlanta Braves,900,2025-02-09 21:34:49.016495
Philadelphia Phillies,1200,2025-02-09 21:34:49.016495
New York Mets,1000,2025-02-09 21:34:49.016495
Houston Astros,1800,2025-02-09 21:34:49.016495
Baltimore Orioles,1300,2025-02-09 21:34:49.016495
San Diego Padres,2800,2025-02-09 21:34:49.016495
Cleveland Guardians,2800,2025-02-09 21:34:49.016495
Boston Red Sox,2500,2025-02-09 21:34:49.016495
Texas Rangers,3000,2025-02-09 21:34:49.016495
Chicago Cubs,2800,2025-02-09 21:34:49.016495
Seattle Mariners,3000,2025-02-09 21:34:49.016495
Arizona Diamondbacks,2800,2025-02-09 21:34:49.016495
Detroit Tigers,2800,2025-02-09 21:34:49.016495
Kansas City Royals,4000,2025-02-09 21:34:49.016495
Milwaukee Brewers,4000,2025-02-09 21:34:49.016495
Minnesota Twins,4000,2025-02-09 21:34:49.016495
San Francisco Giants,8000,2025-02-09 21:34:49.016495
Toronto Blue Jays,4500,2025-02-09 21:34:49.016495
Tampa Bay Rays,6000,2025-02-09 21:34:49.016495
Cincinnati Reds,7000,2025-02-09 21:34:49.016495
St. Louis Cardinals,10000,2025-02-09 21:34:49.016495
Pittsburgh Pirates,10000,2025-02-09 21:34:49.016495
Washington Nationals,15000,2025-02-09 21:34:49.016495
Los Angeles Angels,15000,2025-02-09 21:34:49.016495
Miami Marlins,50000,2025-02-09 21:34:49.016495
Chicago White Sox,50000,2025-02-09 21:34:49.016495
Colorado Rockies,50000,2025-02-09 21:34:49.016495
Los Angeles Dodgers,250,2025-02-09 21:36:52.462226
New York Yankees,800,2025-02-09 21:36:52.462226
Atlanta Braves,900,2025-02-09 21:36:52.462226
Philadelphia Phillies,1200,2025-02-09 21:36:52.462226
New York Mets,1000,2025-02-09 21:36:52.462226
Houston Astros,1800,2025-02-09 21:36:52.462226
Baltimore Orioles,1300,2025-02-09 21:36:52.462226
San Diego Padres,2800,2025-02-09 21:36:52.462226
Cleveland Guardians,2800,2025-02-09 21:36:52.462226
Boston Red Sox,2500,2025-02-09 21:36:52.462226
Texas Rangers,3000,2025-02-09 21:36:52.462226
Chicago Cubs,2800,2025-02-09 21:36:52.462226
Seattle Mariners,3000,2025-02-09 21:36:52.462226
Arizona Diamondbacks,2800,2025-02-09 21:36:52.462226
Detroit Tigers,2800,2025-02-09 21:36:52.462226
Kansas City Royals,4000,2025-02-09 21:36:52.462226
Milwaukee Brewers,4000,2025-02-09 21:36:52.462226
Minnesota Twins,4000,2025-02-09 21:36:52.462226
San Francisco Giants,8000,2025-02-09 21:36:52.462226
Toronto Blue Jays,4500,2025-02-09 21:36:52.462226
Tampa Bay Rays,6000,2025-02-09 21:36:52.462226
Cincinnati Reds,7000,2025-02-09 21:36:52.462226
St. Louis Cardinals,10000,2025-02-09 21:36:52.462226
Pittsburgh Pirates,10000,2025-02-09 21:36:52.462226
Washington Nationals,15000,2025-02-09 21:36:52.462226
Los Angeles Angels,15000,2025-02-09 21:36:52.462226
Miami Marlins,50000,2025-02-09 21:36:52.462226
Chicago White Sox,50000,2025-02-09 21:36:52.462226
Colorado Rockies,50000,2025-02-09 21:36:52.462226
Los Angeles Dodgers,250,2025-02-09 21:37:17.849631
New York Yankees,800,2025-02-09 21:37:17.849631
Atlanta Braves,900,2025-02-09 21:37:17.849631
Philadelphia Phillies,1200,2025-02-09 21:37:17.849631
New York Mets,1000,2025-02-09 21:37:17.849631
Houston Astros,1800,2025-02-09 21:37:17.849631
Baltimore Orioles,1300,2025-02-09 21:37:17.849631
San Diego Padres,2800,2025-02-09 21:37:17.849631
Cleveland Guardians,2800,2025-02-09 21:37:17.849631
Boston Red Sox,2500,2025-02-09 21:37:17.849631
Texas Rangers,3000,2025-02-09 21:37:17.849631
Chicago Cubs,2800,2025-02-09 21:37:17.849631
Seattle Mariners,3000,2025-02-09 21:37:17.849631
Arizona Diamondbacks,2800,2025-02-09 21:37:17.849631
Detroit Tigers,2800,2025-02-09 21:37:17.849631
Kansas City Royals,4000,2025-02-09 21:37:17.849631
Milwaukee Brewers,4000,2025-02-09 21:37:17.849631
Minnesota Twins,4000,2025-02-09 21:37:17.849631
San Francisco Giants,8000,2025-02-09 21:37:17.849631
Toronto Blue Jays,4500,2025-02-09 21:37:17.849631
Tampa Bay Rays,6000,2025-02-09 21:37:17.849631
Cincinnati Reds,7000,2025-02-09 21:37:17.849631
St. Louis Cardinals,10000,2025-02-09 21:37:17.849631
Pittsburgh Pirates,10000,2025-02-09 21:37:17.849631
Washington Nationals,15000,2025-02-09 21:37:17.849631
Los Angeles Angels,15000,2025-02-09 21:37:17.849631
Miami Marlins,50000,2025-02-09 21:37:17.849631
Chicago White Sox,50000,2025-02-09 21:37:17.849631
Colorado Rockies,50000,2025-02-09 21:37:17.849631
Los Angeles Dodgers,250,2025-02-09 21:37:57.540039
New York Yankees,800,2025-02-09 21:37:57.540039
Atlanta Braves,900,2025-02-09 21:37:57.540039
Philadelphia Phillies,1200,2025-02-09 21:37:57.540039
New York Mets,1000,2025-02-09 21:37:57.540039
Houston Astros,1800,2025-02-09 21:37:57.540039
Baltimore Orioles,1300,2025-02-09 21:37:57.540039
San Diego Padres,2800,2025-02-09 21:37:57.540039
Cleveland Guardians,2800,2025-02-09 21:37:57.540039
Boston Red Sox,2500,2025-02-09 21:37:57.540039
Texas Rangers,3000,2025-02-09 21:37:57.540039
Chicago Cubs,2800,2025-02-09 21:37:57.540039
Seattle Mariners,3000,2025-02-09 21:37:57.540039
Arizona Diamondbacks,2800,2025-02-09 21:37:57.540039
Detroit Tigers,2800,2025-02-09 21:37:57.540039
Kansas City Royals,4000,2025-02-09 21:37:57.540039
Milwaukee Brewers,4000,2025-02-09 21:37:57.540039
Minnesota Twins,4000,2025-02-09 21:37:57.540039
San Francisco Giants,8000,2025-02-09 21:37:57.540039
Toronto Blue Jays,4500,2025-02-09 21:37:57.540039
Tampa Bay Rays,6000,2025-02-09 21:37:57.540039
Cincinnati Reds,7000,2025-02-09 21:37:57.540039
St. Louis Cardinals,10000,2025-02-09 21:37:57.540039
Pittsburgh Pirates,10000,2025-02-09 21:37:57.540039
Washington Nationals,15000,2025-02-09 21:37:57.540039
Los Angeles Angels,15000,2025-02-09 21:37:57.540039
Miami Marlins,50000,2025-02-09 21:37:57.540039
Chicago White Sox,50000,2025-02-09 21:37:57.540039
Colorado Rockies,50000,2025-02-09 21:37:57.540039
Los Angeles Dodgers,250,2025-02-09 21:38:20.727733
New York Yankees,800,2025-02-09 21:38:20.727733
Atlanta Braves,900,2025-02-09 21:38:20.727733
Philadelphia Phillies,1200,2025-02-09 21:38:20.727733
New York Mets,1000,2025-02-09 21:38:20.727733
Houston Astros,1800,2025-02-09 21:38:20.727733
Baltimore Orioles,1300,2025-02-09 21:38:20.727733
San Diego Padres,2800,2025-02-09 21:38:20.727733
Cleveland Guardians,2800,2025-02-09 21:38:20.727733
Boston Red Sox,2500,2025-02-09 21:38:20.727733
Texas Rangers,3000,2025-02-09 21:38:20.727733
Chicago Cubs,2800,2025-02-09 21:38:20.727733
Seattle Mariners,3000,2025-02-09 21:38:20.727733
Arizona Diamondbacks,2800,2025-02-09 21:38:20.727733
Detroit Tigers,2800,2025-02-09 21:38:20.727733
Kansas City Royals,4000,2025-02-09 21:38:20.727733
Milwaukee Brewers,4000,2025-02-09 21:38:20.727733
Minnesota Twins,4000,2025-02-09 21:38:20.727733
San Francisco Giants,8000,2025-02-09 21:38:20.727733
Toronto Blue Jays,4500,2025-02-09 21:38:20.727733
Tampa Bay Rays,6000,2025-02-09 21:38:20.727733
Cincinnati Reds,7000,2025-02-09 21:38:20.727733
St. Louis Cardinals,10000,2025-02-09 21:38:20.727733
Pittsburgh Pirates,10000,2025-02-09 21:38:20.727733
Washington Nationals,15000,2025-02-09 21:38:20.727733
Los Angeles Angels,15000,2025-02-09 21:38:20.727733
Miami Marlins,50000,2025-02-09 21:38:20.727733
Chicago White Sox,50000,2025-02-09 21:38:20.727733
Colorado Rockies,50000,2025-02-09 21:38:20.727733
Los Angeles Dodgers,250,2025-02-09 21:40:59.552315
New York Yankees,800,2025-02-09 21:40:59.552315
Atlanta Braves,900,2025-02-09 21:40:59.552315
Philadelphia Phillies,1200,2025-02-09 21:40:59.552315
New York Mets,1000,2025-02-09 21:40:59.552315
Houston Astros,1800,2025-02-09 21:40:59.552315
Baltimore Orioles,1300,2025-02-09 21:40:59.552315
San Diego Padres,2800,2025-02-09 21:40:59.552315
Cleveland Guardians,2800,2025-02-09 21:40:59.552315
Boston Red Sox,2500,2025-02-09 21:40:59.552315
Texas Rangers,3000,2025-02-09 21:40:59.552315
Chicago Cubs,2800,2025-02-09 21:40:59.552315
Seattle Mariners,3000,2025-02-09 21:40:59.552315
Arizona Diamondbacks,2800,2025-02-09 21:40:59.552315
Detroit Tigers,2800,2025-02-09 21:40:59.552315
Kansas City Royals,4000,2025-02-09 21:40:59.552315
Milwaukee Brewers,4000,2025-02-09 21:40:59.552315
Minnesota Twins,4000,2025-02-09 21:40:59.552315
San Francisco Giants,8000,2025-02-09 21:40:59.552315
Toronto Blue Jays,4500,2025-02-09 21:40:59.552315
Tampa Bay Rays,6000,2025-02-09 21:40:59.552315
Cincinnati Reds,7000,2025-02-09 21:40:59.552315
St. Louis Cardinals,10000,2025-02-09 21:40:59.552315
Pittsburgh Pirates,10000,2025-02-09 21:40:59.552315
Washington Nationals,15000,2025-02-09 21:40:59.552315
Los Angeles Angels,15000,2025-02-09 21:40:59.552315
Miami Marlins,50000,2025-02-09 21:40:59.552315
Chicago White Sox,50000,2025-02-09 21:40:59.552315
Colorado Rockies,50000,2025-02-09 21:40:59.552315
Los Angeles Dodgers,250,2025-02-09 21:41:10.226053
New York Yankees,800,2025-02-09 21:41:10.226053
Atlanta Braves,900,2025-02-09 21:41:10.226053
Philadelphia Phillies,1200,2025-02-09 21:41:10.226053
New York Mets,1000,2025-02-09 21:41:10.226053
Houston Astros,1800,2025-02-09 21:41:10.226053
Baltimore Orioles,1300,2025-02-09 21:41:10.226053
San Diego Padres,2800,2025-02-09 21:41:10.226053
Cleveland Guardians,2800,2025-02-09 21:41:10.226053
Boston Red Sox,2500,2025-02-09 21:41:10.226053
Texas Rangers,3000,2025-02-09 21:41:10.226053
Chicago Cubs,2800,2025-02-09 21:41:10.226053
Seattle Mariners,3000,2025-02-09 21:41:10.226053
Arizona Diamondbacks,2800,2025-02-09 21:41:10.226053
Detroit Tigers,2800,2025-02-09 21:41:10.226053
Kansas City Royals,4000,2025-02-09 21:41:10.226053
Milwaukee Brewers,4000,2025-02-09 21:41:10.226053
Minnesota Twins,4000,2025-02-09 21:41:10.226053
San Francisco Giants,8000,2025-02-09 21:41:10.226053
Toronto Blue Jays,4500,2025-02-09 21:41:10.226053
Tampa Bay Rays,6000,2025-02-09 21:41:10.226053
Cincinnati Reds,7000,2025-02-09 21:41:10.226053
St. Louis Cardinals,10000,2025-02-09 21:41:10.226053
Pittsburgh Pirates,10000,2025-02-09 21:41:10.226053
Washington Nationals,15000,2025-02-09 21:41:10.226053
Los Angeles Angels,15000,2025-02-09 21:41:10.226053
Miami Marlins,50000,2025-02-09 21:41:10.226053
Chicago White Sox,50000,2025-02-09 21:41:10.226053
Colorado Rockies,50000,2025-02-09 21:41:10.226053
Los Angeles Dodgers,250,2025-02-09 21:42:19.108260
New York Yankees,800,2025-02-09 21:42:19.108260
Atlanta Braves,900,2025-02-09 21:42:19.108260
Philadelphia Phillies,1200,2025-02-09 21:42:19.108260
New York Mets,1000,2025-02-09 21:42:19.108260
Houston Astros,1800,2025-02-09 21:42:19.108260
Baltimore Orioles,1300,2025-02-09 21:42:19.108260
San Diego Padres,2800,2025-02-09 21:42:19.108260
Cleveland Guardians,2800,2025-02-09 21:42:19.108260
Boston Red Sox,2500,2025-02-09 21:42:19.108260
Texas Rangers,3000,2025-02-09 21:42:19.108260
Chicago Cubs,2800,2025-02-09 21:42:19.108260
Seattle Mariners,3000,2025-02-09 21:42:19.108260
Arizona Diamondbacks,2800,2025-02-09 21:42:19.108260
Detroit Tigers,2800,2025-02-09 21:42:19.108260
Kansas City Royals,4000,2025-02-09 21:42:19.108260
Milwaukee Brewers,4000,2025-02-09 21:42:19.108260
Minnesota Twins,4000,2025-02-09 21:42:19.108260
San Francisco Giants,8000,2025-02-09 21:42:19.108260
Toronto Blue Jays,4500,2025-02-09 21:42:19.108260
Tampa Bay Rays,6000,2025-02-09 21:42:19.108260
Cincinnati Reds,7000,2025-02-09 21:42:19.108260
St. Louis Cardinals,10000,2025-02-09 21:42:19.108260
Pittsburgh Pirates,10000,2025-02-09 21:42:19.108260
Washington Nationals,15000,2025-02-09 21:42:19.108260
Los Angeles Angels,15000,2025-02-09 21:42:19.108260
Miami Marlins,50000,2025-02-09 21:42:19.108260
Chicago White Sox,50000,2025-02-09 21:42:19.108260
Colorado Rockies,50000,2025-02-09 21:42:19.108260
Los Angeles Dodgers,250,2025-02-09 21:43:50.340451
New York Yankees,800,2025-02-09 21:43:50.340451
Atlanta Braves,900,2025-02-09 21:43:50.340451
Philadelphia Phillies,1200,2025-02-09 21:43:50.340451
New York Mets,1000,2025-02-09 21:43:50.340451
Houston Astros,1800,2025-02-09 21:43:50.340451
Baltimore Orioles,1300,2025-02-09 21:43:50.340451
San Diego Padres,2800,2025-02-09 21:43:50.340451
Cleveland Guardians,2800,2025-02-09 21:43:50.340451
Boston Red Sox,2500,2025-02-09 21:43:50.340451
Texas Rangers,3000,2025-02-09 21:43:50.340451
Chicago Cubs,2800,2025-02-09 21:43:50.340451
Seattle Mariners,3000,2025-02-09 21:43:50.340451
Arizona Diamondbacks,2800,2025-02-09 21:43:50.340451
Detroit Tigers,2800,2025-02-09 21:43:50.340451
Kansas City Royals,4000,2025-02-09 21:43:50.340451
Milwaukee Brewers,4000,2025-02-09 21:43:50.340451
Minnesota Twins,4000,2025-02-09 21:43:50.340451
San Francisco Giants,8000,2025-02-09 21:43:50.340451
Toronto Blue Jays,4500,2025-02-09 21:43:50.340451
Tampa Bay Rays,6000,2025-02-09 21:43:50.340451
Cincinnati Reds,7000,2025-02-09 21:43:50.340451
St. Louis Cardinals,10000,2025-02-09 21:43:50.340451
Pittsburgh Pirates,10000,2025-02-09 21:43:50.340451
Washington Nationals,15000,2025-02-09 21:43:50.340451
Los Angeles Angels,15000,2025-02-09 21:43:50.340451
Miami Marlins,50000,2025-02-09 21:43:50.340451
Chicago White Sox,50000,2025-02-09 21:43:50.340451
Colorado Rockies,50000,2025-02-09 21:43:50.340451
Los Angeles Dodgers,250,2025-02-10 20:44:28.977363
New York Yankees,800,2025-02-10 20:44:28.977363
Atlanta Braves,900,2025-02-10 20:44:28.977363
Philadelphia Phillies,1200,2025-02-10 20:44:28.977363
New York Mets,1000,2025-02-10 20:44:28.977363
Houston Astros,1800,2025-02-10 20:44:28.977363
Baltimore Orioles,1300,2025-02-10 20:44:28.977363
San Diego Padres,2800,2025-02-10 20:44:28.977363
Cleveland Guardians,2800,2025-02-10 20:44:28.977363
Boston Red Sox,2500,2025-02-10 20:44:28.977363
Texas Rangers,3000,2025-02-10 20:44:28.977363
Chicago Cubs,2800,2025-02-10 20:44:28.977363
Seattle Mariners,3000,2025-02-10 20:44:28.977363
Arizona Diamondbacks,2800,2025-02-10 20:44:28.977363
Detroit Tigers,2800,2025-02-10 20:44:28.977363
Kansas City Royals,4000,2025-02-10 20:44:28.977363
Milwaukee Brewers,4000,2025-02-10 20:44:28.977363
Minnesota Twins,4000,2025-02-10 20:44:28.977363
San Francisco Giants,8000,2025-02-10 20:44:28.977363
Toronto Blue Jays,4500,2025-02-10 20:44:28.977363
Tampa Bay Rays,6000,2025-02-10 20:44:28.977363
Cincinnati Reds,7000,2025-02-10 20:44:28.977363
St. Louis Cardinals,10000,2025-02-10 20:44:28.977363
Pittsburgh Pirates,10000,2025-02-10 20:44:28.977363
Washington Nationals,15000,2025-02-10 20:44:28.977363
Los Angeles Angels,15000,2025-02-10 20:44:28.977363
Miami Marlins,50000,2025-02-10 20:44:28.977363
Chicago White Sox,50000,2025-02-10 20:44:28.977363
Colorado Rockies,50000,2025-02-10 20:44:28.977363
Los Angeles Dodgers,250,2025-02-11 20:43:32.294358
New York Yankees,800,2025-02-11 20:43:32.294358
Atlanta Braves,900,2025-02-11 20:43:32.294358
Philadelphia Phillies,1200,2025-02-11 20:43:32.294358
New York Mets,1000,2025-02-11 20:43:32.294358
Houston Astros,1800,2025-02-11 20:43:32.294358
Baltimore Orioles,1300,2025-02-11 20:43:32.294358
San Diego Padres,2800,2025-02-11 20:43:32.294358
Cleveland Guardians,2800,2025-02-11 20:43:32.294358
Boston Red Sox,2500,2025-02-11 20:43:32.294358
Texas Rangers,3000,2025-02-11 20:43:32.294358
Chicago Cubs,2800,2025-02-11 20:43:32.294358
Seattle Mariners,3000,2025-02-11 20:43:32.294358
Arizona Diamondbacks,2800,2025-02-11 20:43:32.294358
Detroit Tigers,2800,2025-02-11 20:43:32.294358
Kansas City Royals,4000,2025-02-11 20:43:32.294358
Milwaukee Brewers,4000,2025-02-11 20:43:32.294358
Minnesota Twins,4000,2025-02-11 20:43:32.294358
San Francisco Giants,8000,2025-02-11 20:43:32.294358
Toronto Blue Jays,4500,2025-02-11 20:43:32.294358
Tampa Bay Rays,6000,2025-02-11 20:43:32.294358
Cincinnati Reds,7000,2025-02-11 20:43:32.294358
St. Louis Cardinals,10000,2025-02-11 20:43:32.294358
Pittsburgh Pirates,10000,2025-02-11 20:43:32.294358
Washington Nationals,15000,2025-02-11 20:43:32.294358
Los Angeles Angels,15000,2025-02-11 20:43:32.294358
Miami Marlins,50000,2025-02-11 20:43:32.294358
Chicago White Sox,50000,2025-02-11 20:43:32.294358
Colorado Rockies,50000,2025-02-11 20:43:32.294358
Los Angeles Dodgers,250,2025-02-12 20:43:32.278845
New York Yankees,800,2025-02-12 20:43:32.278845
Atlanta Braves,900,2025-02-12 20:43:32.278845
Philadelphia Phillies,1200,2025-02-12 20:43:32.278845
New York Mets,1000,2025-02-12 20:43:32.278845
Houston Astros,1800,2025-02-12 20:43:32.278845
Baltimore Orioles,1300,2025-02-12 20:43:32.278845
San Diego Padres,2800,2025-02-12 20:43:32.278845
Cleveland Guardians,2800,2025-02-12 20:43:32.278845
Boston Red Sox,2500,2025-02-12 20:43:32.278845
Texas Rangers,3000,2025-02-12 20:43:32.278845
Chicago Cubs,2800,2025-02-12 20:43:32.278845
Seattle Mariners,3000,2025-02-12 20:43:32.278845
Arizona Diamondbacks,2800,2025-02-12 20:43:32.278845
Detroit Tigers,2800,2025-02-12 20:43:32.278845
Kansas City Royals,4000,2025-02-12 20:43:32.278845
Milwaukee Brewers,4000,2025-02-12 20:43:32.278845
Minnesota Twins,4000,2025-02-12 20:43:32.278845
San Francisco Giants,8000,2025-02-12 20:43:32.278845
Toronto Blue Jays,4500,2025-02-12 20:43:32.278845
Tampa Bay Rays,6000,2025-02-12 20:43:32.278845
Cincinnati Reds,7000,2025-02-12 20:43:32.278845
St. Louis Cardinals,10000,2025-02-12 20:43:32.278845
Pittsburgh Pirates,10000,2025-02-12 20:43:32.278845
Washington Nationals,15000,2025-02-12 20:43:32.278845
Los Angeles Angels,15000,2025-02-12 20:43:32.278845
Miami Marlins,50000,2025-02-12 20:43:32.278845
Chicago White Sox,50000,2025-02-12 20:43:32.278845
Colorado Rockies,50000,2025-02-12 20:43:32.278845
Los Angeles Dodgers,250,2025-02-13 20:43:13.247146
New York Yankees,800,2025-02-13 20:43:13.247146
Atlanta Braves,900,2025-02-13 20:43:13.247146
Philadelphia Phillies,1200,2025-02-13 20:43:13.247146
New York Mets,1000,2025-02-13 20:43:13.247146
Houston Astros,1800,2025-02-13 20:43:13.247146
Baltimore Orioles,1300,2025-02-13 20:43:13.247146
San Diego Padres,2800,2025-02-13 20:43:13.247146
Cleveland Guardians,2800,2025-02-13 20:43:13.247146
Boston Red Sox,2500,2025-02-13 20:43:13.247146
Texas Rangers,3000,2025-02-13 20:43:13.247146
Chicago Cubs,2800,2025-02-13 20:43:13.247146
Seattle Mariners,3000,2025-02-13 20:43:13.247146
Arizona Diamondbacks,2800,2025-02-13 20:43:13.247146
Detroit Tigers,2800,2025-02-13 20:43:13.247146
Kansas City Royals,4000,2025-02-13 20:43:13.247146
Milwaukee Brewers,4000,2025-02-13 20:43:13.247146
Minnesota Twins,4000,2025-02-13 20:43:13.247146
San Francisco Giants,8000,2025-02-13 20:43:13.247146
Toronto Blue Jays,4500,2025-02-13 20:43:13.247146
Tampa Bay Rays,6000,2025-02-13 20:43:13.247146
Cincinnati Reds,7000,2025-02-13 20:43:13.247146
St. Louis Cardinals,10000,2025-02-13 20:43:13.247146
Pittsburgh Pirates,10000,2025-02-13 20:43:13.247146
Washington Nationals,15000,2025-02-13 20:43:13.247146
Los Angeles Angels,15000,2025-02-13 20:43:13.247146
Miami Marlins,50000,2025-02-13 20:43:13.247146
Chicago White Sox,50000,2025-02-13 20:43:13.247146
Colorado Rockies,50000,2025-02-13 20:43:13.247146
Los Angeles Dodgers,250,2025-02-14 20:43:21.209512
New York Yankees,800,2025-02-14 20:43:21.209512
Atlanta Braves,900,2025-02-14 20:43:21.209512
Philadelphia Phillies,1200,2025-02-14 20:43:21.209512
New York Mets,1000,2025-02-14 20:43:21.209512
Houston Astros,1800,2025-02-14 20:43:21.209512
Baltimore Orioles,1300,2025-02-14 20:43:21.209512
San Diego Padres,2800,2025-02-14 20:43:21.209512
Cleveland Guardians,2800,2025-02-14 20:43:21.209512
Boston Red Sox,2500,2025-02-14 20:43:21.209512
Texas Rangers,3000,2025-02-14 20:43:21.209512
Chicago Cubs,2800,2025-02-14 20:43:21.209512
Seattle Mariners,3000,2025-02-14 20:43:21.209512
Arizona Diamondbacks,2800,2025-02-14 20:43:21.209512
Detroit Tigers,2800,2025-02-14 20:43:21.209512
Kansas City Royals,4000,2025-02-14 20:43:21.209512
Milwaukee Brewers,4000,2025-02-14 20:43:21.209512
Minnesota Twins,4000,2025-02-14 20:43:21.209512
San Francisco Giants,8000,2025-02-14 20:43:21.209512
Toronto Blue Jays,4500,2025-02-14 20:43:21.209512
Tampa Bay Rays,6000,2025-02-14 20:43:21.209512
Cincinnati Reds,7000,2025-02-14 20:43:21.209512
St. Louis Cardinals,10000,2025-02-14 20:43:21.209512
Pittsburgh Pirates,10000,2025-02-14 20:43:21.209512
Washington Nationals,15000,2025-02-14 20:43:21.209512
Los Angeles Angels,15000,2025-02-14 20:43:21.209512
Miami Marlins,50000,2025-02-14 20:43:21.209512
Chicago White Sox,50000,2025-02-14 20:43:21.209512
Colorado Rockies,50000,2025-02-14 20:43:21.209512
Los Angeles Dodgers,250,2025-02-15 20:43:35.884780
New York Yankees,800,2025-02-15 20:43:35.884780
Atlanta Braves,900,2025-02-15 20:43:35.884780
Philadelphia Phillies,1200,2025-02-15 20:43:35.884780
New York Mets,1000,2025-02-15 20:43:35.884780
Houston Astros,1800,2025-02-15 20:43:35.884780
Baltimore Orioles,1300,2025-02-15 20:43:35.884780
San Diego Padres,2800,2025-02-15 20:43:35.884780
Cleveland Guardians,2800,2025-02-15 20:43:35.884780
Boston Red Sox,2500,2025-02-15 20:43:35.884780
Texas Rangers,3000,2025-02-15 20:43:35.884780
Chicago Cubs,2800,2025-02-15 20:43:35.884780
Seattle Mariners,3000,2025-02-15 20:43:35.884780
Arizona Diamondbacks,2800,2025-02-15 20:43:35.884780
Detroit Tigers,2800,2025-02-15 20:43:35.884780
Kansas City Royals,4000,2025-02-15 20:43:35.884780
Milwaukee Brewers,4000,2025-02-15 20:43:35.884780
Minnesota Twins,4000,2025-02-15 20:43:35.884780
San Francisco Giants,8000,2025-02-15 20:43:35.884780
Toronto Blue Jays,4500,2025-02-15 20:43:35.884780
Tampa Bay Rays,6000,2025-02-15 20:43:35.884780
Cincinnati Reds,7000,2025-02-15 20:43:35.884780
St. Louis Cardinals,10000,2025-02-15 20:43:35.884780
Pittsburgh Pirates,10000,2025-02-15 20:43:35.884780
Washington Nationals,15000,2025-02-15 20:43:35.884780
Los Angeles Angels,15000,2025-02-15 20:43:35.884780
Miami Marlins,50000,2025-02-15 20:43:35.884780
Chicago White Sox,50000,2025-02-15 20:43:35.884780
Colorado Rockies,50000,2025-02-15 20:43:35.884780
Los Angeles Dodgers,250,2025-02-16 20:43:14.781488
New York Yankees,800,2025-02-16 20:43:14.781488
Atlanta Braves,900,2025-02-16 20:43:14.781488
Philadelphia Phillies,1200,2025-02-16 20:43:14.781488
New York Mets,1000,2025-02-16 20:43:14.781488
Houston Astros,1800,2025-02-16 20:43:14.781488
Baltimore Orioles,1300,2025-02-16 20:43:14.781488
San Diego Padres,2800,2025-02-16 20:43:14.781488
Cleveland Guardians,2800,2025-02-16 20:43:14.781488
Boston Red Sox,2500,2025-02-16 20:43:14.781488
Texas Rangers,3000,2025-02-16 20:43:14.781488
Chicago Cubs,2800,2025-02-16 20:43:14.781488
Seattle Mariners,3000,2025-02-16 20:43:14.781488
Arizona Diamondbacks,2800,2025-02-16 20:43:14.781488
Detroit Tigers,2800,2025-02-16 20:43:14.781488
Kansas City Royals,4000,2025-02-16 20:43:14.781488
Milwaukee Brewers,4000,2025-02-16 20:43:14.781488
Minnesota Twins,4000,2025-02-16 20:43:14.781488
San Francisco Giants,8000,2025-02-16 20:43:14.781488
Toronto Blue Jays,4500,2025-02-16 20:43:14.781488
Tampa Bay Rays,6000,2025-02-16 20:43:14.781488
Cincinnati Reds,7000,2025-02-16 20:43:14.781488
St. Louis Cardinals,10000,2025-02-16 20:43:14.781488
Pittsburgh Pirates,10000,2025-02-16 20:43:14.781488
Washington Nationals,15000,2025-02-16 20:43:14.781488
Los Angeles Angels,15000,2025-02-16 20:43:14.781488
Miami Marlins,50000,2025-02-16 20:43:14.781488
Chicago White Sox,50000,2025-02-16 20:43:14.781488
Colorado Rockies,50000,2025-02-16 20:43:14.781488
Los Angeles Dodgers,250,2025-02-17 20:43:46.931352
New York Yankees,800,2025-02-17 20:43:46.931352
Atlanta Braves,900,2025-02-17 20:43:46.931352
Philadelphia Phillies,1200,2025-02-17 20:43:46.931352
New York Mets,1000,2025-02-17 20:43:46.931352
Houston Astros,1800,2025-02-17 20:43:46.931352
Baltimore Orioles,1300,2025-02-17 20:43:46.931352
San Diego Padres,2800,2025-02-17 20:43:46.931352
Cleveland Guardians,2800,2025-02-17 20:43:46.931352
Boston Red Sox,2500,2025-02-17 20:43:46.931352
Texas Rangers,3000,2025-02-17 20:43:46.931352
Chicago Cubs,2800,2025-02-17 20:43:46.931352
Seattle Mariners,3000,2025-02-17 20:43:46.931352
Arizona Diamondbacks,2800,2025-02-17 20:43:46.931352
Detroit Tigers,2800,2025-02-17 20:43:46.931352
Kansas City Royals,4000,2025-02-17 20:43:46.931352
Milwaukee Brewers,4000,2025-02-17 20:43:46.931352
Minnesota Twins,4000,2025-02-17 20:43:46.931352
San Francisco Giants,8000,2025-02-17 20:43:46.931352
Toronto Blue Jays,4500,2025-02-17 20:43:46.931352
Tampa Bay Rays,6000,2025-02-17 20:43:46.931352
Cincinnati Reds,7000,2025-02-17 20:43:46.931352
St. Louis Cardinals,10000,2025-02-17 20:43:46.931352
Pittsburgh Pirates,10000,2025-02-17 20:43:46.931352
Washington Nationals,15000,2025-02-17 20:43:46.931352
Los Angeles Angels,15000,2025-02-17 20:43:46.931352
Miami Marlins,50000,2025-02-17 20:43:46.931352
Chicago White Sox,50000,2025-02-17 20:43:46.931352
Colorado Rockies,50000,2025-02-17 20:43:46.931352
Los Angeles Dodgers,250,2025-02-18 20:43:37.614810
New York Yankees,800,2025-02-18 20:43:37.614810
Atlanta Braves,900,2025-02-18 20:43:37.614810
Philadelphia Phillies,1200,2025-02-18 20:43:37.614810
New York Mets,1000,2025-02-18 20:43:37.614810
Houston Astros,1800,2025-02-18 20:43:37.614810
Baltimore Orioles,1300,2025-02-18 20:43:37.614810
San Diego Padres,2800,2025-02-18 20:43:37.614810
Cleveland Guardians,2800,2025-02-18 20:43:37.614810
Boston Red Sox,2500,2025-02-18 20:43:37.614810
Texas Rangers,3000,2025-02-18 20:43:37.614810
Chicago Cubs,2800,2025-02-18 20:43:37.614810
Seattle Mariners,3000,2025-02-18 20:43:37.614810
Arizona Diamondbacks,2800,2025-02-18 20:43:37.614810
Detroit Tigers,2800,2025-02-18 20:43:37.614810
Kansas City Royals,4000,2025-02-18 20:43:37.614810
Milwaukee Brewers,4000,2025-02-18 20:43:37.614810
Minnesota Twins,4000,2025-02-18 20:43:37.614810
San Francisco Giants,8000,2025-02-18 20:43:37.614810
Toronto Blue Jays,4500,2025-02-18 20:43:37.614810
Tampa Bay Rays,6000,2025-02-18 20:43:37.614810
Cincinnati Reds,7000,2025-02-18 20:43:37.614810
St. Louis Cardinals,10000,2025-02-18 20:43:37.614810
Pittsburgh Pirates,10000,2025-02-18 20:43:37.614810
Washington Nationals,15000,2025-02-18 20:43:37.614810
Los Angeles Angels,15000,2025-02-18 20:43:37.614810
Miami Marlins,50000,2025-02-18 20:43:37.614810
Chicago White Sox,50000,2025-02-18 20:43:37.614810
Colorado Rockies,50000,2025-02-18 20:43:37.614810
Los Angeles Dodgers,250,2025-02-20 20:43:36.054688
New York Yankees,800,2025-02-20 20:43:36.054688
Atlanta Braves,900,2025-02-20 20:43:36.054688
Philadelphia Phillies,1200,2025-02-20 20:43:36.054688
New York Mets,1000,2025-02-20 20:43:36.054688
Houston Astros,1800,2025-02-20 20:43:36.054688
Baltimore Orioles,1300,2025-02-20 20:43:36.054688
San Diego Padres,2800,2025-02-20 20:43:36.054688
Cleveland Guardians,2800,2025-02-20 20:43:36.054688
Boston Red Sox,2500,2025-02-20 20:43:36.054688
Texas Rangers,3000,2025-02-20 20:43:36.054688
Chicago Cubs,2800,2025-02-20 20:43:36.054688
Seattle Mariners,3000,2025-02-20 20:43:36.054688
Arizona Diamondbacks,2800,2025-02-20 20:43:36.054688
Detroit Tigers,2800,2025-02-20 20:43:36.054688
Kansas City Royals,4000,2025-02-20 20:43:36.054688
Milwaukee Brewers,4000,2025-02-20 20:43:36.054688
Minnesota Twins,4000,2025-02-20 20:43:36.054688
San Francisco Giants,8000,2025-02-20 20:43:36.054688
Toronto Blue Jays,4500,2025-02-20 20:43:36.054688
Tampa Bay Rays,6000,2025-02-20 20:43:36.054688
Cincinnati Reds,7000,2025-02-20 20:43:36.054688
St. Louis Cardinals,10000,2025-02-20 20:43:36.054688
Pittsburgh Pirates,10000,2025-02-20 20:43:36.054688
Washington Nationals,15000,2025-02-20 20:43:36.054688
Los Angeles Angels,15000,2025-02-20 20:43:36.054688
Miami Marlins,50000,2025-02-20 20:43:36.054688
Chicago White Sox,50000,2025-02-20 20:43:36.054688
Colorado Rockies,50000,2025-02-20 20:43:36.054688
Los Angeles Dodgers,250,2025-02-21 20:43:30.072213
New York Yankees,800,2025-02-21 20:43:30.072213
Atlanta Braves,900,2025-02-21 20:43:30.072213
Philadelphia Phillies,1200,2025-02-21 20:43:30.072213
New York Mets,1000,2025-02-21 20:43:30.072213
Houston Astros,1800,2025-02-21 20:43:30.072213
Baltimore Orioles,1300,2025-02-21 20:43:30.072213
San Diego Padres,2800,2025-02-21 20:43:30.072213
Boston Red Sox,2500,2025-02-21 20:43:30.072213
Cleveland Guardians,2800,2025-02-21 20:43:30.072213
Texas Rangers,3000,2025-02-21 20:43:30.072213
Chicago Cubs,2800,2025-02-21 20:43:30.072213
Seattle Mariners,3000,2025-02-21 20:43:30.072213
Arizona Diamondbacks,2800,2025-02-21 20:43:30.072213
Detroit Tigers,2800,2025-02-21 20:43:30.072213
Kansas City Royals,4000,2025-02-21 20:43:30.072213
Milwaukee Brewers,4000,2025-02-21 20:43:30.072213
Minnesota Twins,4000,2025-02-21 20:43:30.072213
San Francisco Giants,8000,2025-02-21 20:43:30.072213
Toronto Blue Jays,4500,2025-02-21 20:43:30.072213
Tampa Bay Rays,6000,2025-02-21 20:43:30.072213
Cincinnati Reds,7000,2025-02-21 20:43:30.072213
St. Louis Cardinals,10000,2025-02-21 20:43:30.072213
Pittsburgh Pirates,10000,2025-02-21 20:43:30.072213
Washington Nationals,15000,2025-02-21 20:43:30.072213
Los Angeles Angels,15000,2025-02-21 20:43:30.072213
Miami Marlins,50000,2025-02-21 20:43:30.072213
Chicago White Sox,50000,2025-02-21 20:43:30.072213
Colorado Rockies,50000,2025-02-21 20:43:30.072213
Los Angeles Dodgers,250,2025-02-22 20:43:31.649284
New York Yankees,800,2025-02-22 20:43:31.649284
Atlanta Braves,900,2025-02-22 20:43:31.649284
Philadelphia Phillies,1200,2025-02-22 20:43:31.649284
New York Mets,1000,2025-02-22 20:43:31.649284
Houston Astros,1800,2025-02-22 20:43:31.649284
Baltimore Orioles,1300,2025-02-22 20:43:31.649284
San Diego Padres,2800,2025-02-22 20:43:31.649284
Boston Red Sox,2500,2025-02-22 20:43:31.649284
Cleveland Guardians,2800,2025-02-22 20:43:31.649284
Texas Rangers,3000,2025-02-22 20:43:31.649284
Chicago Cubs,2800,2025-02-22 20:43:31.649284
Seattle Mariners,3000,2025-02-22 20:43:31.649284
Arizona Diamondbacks,2800,2025-02-22 20:43:31.649284
Detroit Tigers,2800,2025-02-22 20:43:31.649284
Kansas City Royals,4000,2025-02-22 20:43:31.649284
Milwaukee Brewers,4000,2025-02-22 20:43:31.649284
Minnesota Twins,4000,2025-02-22 20:43:31.649284
San Francisco Giants,8000,2025-02-22 20:43:31.649284
Toronto Blue Jays,4500,2025-02-22 20:43:31.649284
Tampa Bay Rays,6000,2025-02-22 20:43:31.649284
Cincinnati Reds,7000,2025-02-22 20:43:31.649284
St. Louis Cardinals,10000,2025-02-22 20:43:31.649284
Pittsburgh Pirates,10000,2025-02-22 20:43:31.649284
Washington Nationals,15000,2025-02-22 20:43:31.649284
Los Angeles Angels,15000,2025-02-22 20:43:31.649284
Miami Marlins,50000,2025-02-22 20:43:31.649284
Chicago White Sox,50000,2025-02-22 20:43:31.649284
Colorado Rockies,50000,2025-02-22 20:43:31.649284
Los Angeles Dodgers,250,2025-02-23 20:43:17.652824
New York Yankees,800,2025-02-23 20:43:17.652824
Atlanta Braves,900,2025-02-23 20:43:17.652824
Philadelphia Phillies,1200,2025-02-23 20:43:17.652824
New York Mets,1000,2025-02-23 20:43:17.652824
Houston Astros,1800,2025-02-23 20:43:17.652824
Baltimore Orioles,1300,2025-02-23 20:43:17.652824
San Diego Padres,2800,2025-02-23 20:43:17.652824
Boston Red Sox,2500,2025-02-23 20:43:17.652824
Cleveland Guardians,2800,2025-02-23 20:43:17.652824
Texas Rangers,3000,2025-02-23 20:43:17.652824
Chicago Cubs,2800,2025-02-23 20:43:17.652824
Seattle Mariners,3000,2025-02-23 20:43:17.652824
Arizona Diamondbacks,2800,2025-02-23 20:43:17.652824
Detroit Tigers,2800,2025-02-23 20:43:17.652824
Kansas City Royals,4000,2025-02-23 20:43:17.652824
Milwaukee Brewers,4000,2025-02-23 20:43:17.652824
Minnesota Twins,4000,2025-02-23 20:43:17.652824
San Francisco Giants,8000,2025-02-23 20:43:17.652824
Toronto Blue Jays,4500,2025-02-23 20:43:17.652824
Tampa Bay Rays,6000,2025-02-23 20:43:17.652824
Cincinnati Reds,7000,2025-02-23 20:43:17.652824
St. Louis Cardinals,10000,2025-02-23 20:43:17.652824
Pittsburgh Pirates,10000,2025-02-23 20:43:17.652824
Washington Nationals,15000,2025-02-23 20:43:17.652824
Los Angeles Angels,15000,2025-02-23 20:43:17.652824
Miami Marlins,50000,2025-02-23 20:43:17.652824
Chicago White Sox,50000,2025-02-23 20:43:17.652824
Colorado Rockies,50000,2025-02-23 20:43:17.652824
Los Angeles Dodgers,250,2025-02-24 20:43:38.631069
New York Yankees,800,2025-02-24 20:43:38.631069
Atlanta Braves,900,2025-02-24 20:43:38.631069
Philadelphia Phillies,1200,2025-02-24 20:43:38.631069
New York Mets,1000,2025-02-24 20:43:38.631069
Houston Astros,1800,2025-02-24 20:43:38.631069
Baltimore Orioles,1300,2025-02-24 20:43:38.631069
San Diego Padres,2800,2025-02-24 20:43:38.631069
Boston Red Sox,2500,2025-02-24 20:43:38.631069
Cleveland Guardians,2800,2025-02-24 20:43:38.631069
Chicago Cubs,2800,2025-02-24 20:43:38.631069
Texas Rangers,3000,2025-02-24 20:43:38.631069
Kansas City Royals,4000,2025-02-24 20:43:38.631069
Arizona Diamondbacks,2800,2025-02-24 20:43:38.631069
Seattle Mariners,3000,2025-02-24 20:43:38.631069
Detroit Tigers,2800,2025-02-24 20:43:38.631069
Minnesota Twins,4000,2025-02-24 20:43:38.631069
Milwaukee Brewers,4000,2025-02-24 20:43:38.631069
Toronto Blue Jays,4500,2025-02-24 20:43:38.631069
San Francisco Giants,8000,2025-02-24 20:43:38.631069
Tampa Bay Rays,6000,2025-02-24 20:43:38.631069
Cincinnati Reds,7000,2025-02-24 20:43:38.631069
St. Louis Cardinals,10000,2025-02-24 20:43:38.631069
Washington Nationals,15000,2025-02-24 20:43:38.631069
Pittsburgh Pirates,10000,2025-02-24 20:43:38.631069
Los Angeles Angels,15000,2025-02-24 20:43:38.631069
Miami Marlins,50000,2025-02-24 20:43:38.631069
Chicago White Sox,50000,2025-02-24 20:43:38.631069
Colorado Rockies,50000,2025-02-24 20:43:38.631069
Los Angeles Dodgers,250,2025-02-25 20:43:44.151265
New York Yankees,800,2025-02-25 20:43:44.151265
Atlanta Braves,900,2025-02-25 20:43:44.151265
Philadelphia Phillies,1200,2025-02-25 20:43:44.151265
New York Mets,1000,2025-02-25 20:43:44.151265
Houston Astros,1800,2025-02-25 20:43:44.151265
Baltimore Orioles,1300,2025-02-25 20:43:44.151265
San Diego Padres,2800,2025-02-25 20:43:44.151265
Boston Red Sox,2500,2025-02-25 20:43:44.151265
Cleveland Guardians,2800,2025-02-25 20:43:44.151265
Chicago Cubs,2800,2025-02-25 20:43:44.151265
Texas Rangers,3000,2025-02-25 20:43:44.151265
Kansas City Royals,4000,2025-02-25 20:43:44.151265
Arizona Diamondbacks,2800,2025-02-25 20:43:44.151265
Seattle Mariners,3000,2025-02-25 20:43:44.151265
Detroit Tigers,2800,2025-02-25 20:43:44.151265
Minnesota Twins,4000,2025-02-25 20:43:44.151265
Milwaukee Brewers,4000,2025-02-25 20:43:44.151265
Toronto Blue Jays,4500,2025-02-25 20:43:44.151265
San Francisco Giants,8000,2025-02-25 20:43:44.151265
Tampa Bay Rays,6000,2025-02-25 20:43:44.151265
Cincinnati Reds,7000,2025-02-25 20:43:44.151265
St. Louis Cardinals,10000,2025-02-25 20:43:44.151265
Washington Nationals,15000,2025-02-25 20:43:44.151265
Pittsburgh Pirates,10000,2025-02-25 20:43:44.151265
Los Angeles Angels,15000,2025-02-25 20:43:44.151265
Miami Marlins,50000,2025-02-25 20:43:44.151265
Chicago White Sox,50000,2025-02-25 20:43:44.151265
Colorado Rockies,50000,2025-02-25 20:43:44.151265
Los Angeles Dodgers,250,2025-02-26 20:43:38.797423
New York Yankees,800,2025-02-26 20:43:38.797423
Atlanta Braves,900,2025-02-26 20:43:38.797423
Philadelphia Phillies,1200,2025-02-26 20:43:38.797423
New York Mets,1000,2025-02-26 20:43:38.797423
Houston Astros,1800,2025-02-26 20:43:38.797423
Baltimore Orioles,1300,2025-02-26 20:43:38.797423
San Diego Padres,2800,2025-02-26 20:43:38.797423
Boston Red Sox,2500,2025-02-26 20:43:38.797423
Seattle Mariners,3000,2025-02-26 20:43:38.797423
Texas Rangers,3000,2025-02-26 20:43:38.797423
Chicago Cubs,2800,2025-02-26 20:43:38.797423
Cleveland Guardians,2800,2025-02-26 20:43:38.797423
Arizona Diamondbacks,2800,2025-02-26 20:43:38.797423
Kansas City Royals,4000,2025-02-26 20:43:38.797423
Detroit Tigers,2800,2025-02-26 20:43:38.797423
Milwaukee Brewers,4000,2025-02-26 20:43:38.797423
Minnesota Twins,4000,2025-02-26 20:43:38.797423
San Francisco Giants,8000,2025-02-26 20:43:38.797423
Tampa Bay Rays,6000,2025-02-26 20:43:38.797423
Toronto Blue Jays,4500,2025-02-26 20:43:38.797423
Cincinnati Reds,7000,2025-02-26 20:43:38.797423
Pittsburgh Pirates,10000,2025-02-26 20:43:38.797423
Los Angeles Angels,15000,2025-02-26 20:43:38.797423
St. Louis Cardinals,10000,2025-02-26 20:43:38.797423
Washington Nationals,15000,2025-02-26 20:43:38.797423
Miami Marlins,50000,2025-02-26 20:43:38.797423
Colorado Rockies,50000,2025-02-26 20:43:38.797423
Chicago White Sox,50000,2025-02-26 20:43:38.797423
Los Angeles Dodgers,250,2025-02-27 20:43:50.880659
New York Yankees,800,2025-02-27 20:43:50.880659
Atlanta Braves,900,2025-02-27 20:43:50.880659
Philadelphia Phillies,1200,2025-02-27 20:43:50.880659
New York Mets,1000,2025-02-27 20:43:50.880659
Houston Astros,1800,2025-02-27 20:43:50.880659
Baltimore Orioles,1300,2025-02-27 20:43:50.880659
San Diego Padres,2800,2025-02-27 20:43:50.880659
Texas Rangers,3000,2025-02-27 20:43:50.880659
Boston Red Sox,2500,2025-02-27 20:43:50.880659
Seattle Mariners,3000,2025-02-27 20:43:50.880659
Chicago Cubs,2800,2025-02-27 20:43:50.880659
Arizona Diamondbacks,2800,2025-02-27 20:43:50.880659
Detroit Tigers,2800,2025-02-27 20:43:50.880659
Cleveland Guardians,2800,2025-02-27 20:43:50.880659
Kansas City Royals,4000,2025-02-27 20:43:50.880659
Minnesota Twins,4000,2025-02-27 20:43:50.880659
Milwaukee Brewers,4000,2025-02-27 20:43:50.880659
San Francisco Giants,8000,2025-02-27 20:43:50.880659
Toronto Blue Jays,4500,2025-02-27 20:43:50.880659
Tampa Bay Rays,6000,2025-02-27 20:43:50.880659
Cincinnati Reds,7000,2025-02-27 20:43:50.880659
Pittsburgh Pirates,10000,2025-02-27 20:43:50.880659
Los Angeles Angels,15000,2025-02-27 20:43:50.880659
St. Louis Cardinals,10000,2025-02-27 20:43:50.880659
Washington Nationals,15000,2025-02-27 20:43:50.880659
Miami Marlins,50000,2025-02-27 20:43:50.880659
Colorado Rockies,50000,2025-02-27 20:43:50.880659
Chicago White Sox,50000,2025-02-27 20:43:50.880659
Los Angeles Dodgers,250,2025-03-01 20:43:32.016224
New York Yankees,800,2025-03-01 20:43:32.016224
Atlanta Braves,900,2025-03-01 20:43:32.016224
Philadelphia Phillies,1200,2025-03-01 20:43:32.016224
New York Mets,1000,2025-03-01 20:43:32.016224
Houston Astros,1800,2025-03-01 20:43:32.016224
Baltimore Orioles,1300,2025-03-01 20:43:32.016224
San Diego Padres,2800,2025-03-01 20:43:32.016224
Texas Rangers,3000,2025-03-01 20:43:32.016224
Boston Red Sox,2500,2025-03-01 20:43:32.016224
Seattle Mariners,3000,2025-03-01 20:43:32.016224
Chicago Cubs,2800,2025-03-01 20:43:32.016224
Arizona Diamondbacks,2800,2025-03-01 20:43:32.016224
Detroit Tigers,2800,2025-03-01 20:43:32.016224
Cleveland Guardians,2800,2025-03-01 20:43:32.016224
Kansas City Royals,4000,2025-03-01 20:43:32.016224
Minnesota Twins,4000,2025-03-01 20:43:32.016224
Milwaukee Brewers,4000,2025-03-01 20:43:32.016224
San Francisco Giants,8000,2025-03-01 20:43:32.016224
Toronto Blue Jays,4500,2025-03-01 20:43:32.016224
Tampa Bay Rays,6000,2025-03-01 20:43:32.016224
Cincinnati Reds,7000,2025-03-01 20:43:32.016224
Pittsburgh Pirates,10000,2025-03-01 20:43:32.016224
Los Angeles Angels,15000,2025-03-01 20:43:32.016224
St. Louis Cardinals,10000,2025-03-01 20:43:32.016224
Washington Nationals,15000,2025-03-01 20:43:32.016224
Miami Marlins,50000,2025-03-01 20:43:32.016224
Colorado Rockies,50000,2025-03-01 20:43:32.016224
Chicago White Sox,50000,2025-03-01 20:43:32.016224
Los Angeles Dodgers,250,2025-03-02 20:43:28.388883
New York Yankees,800,2025-03-02 20:43:28.388883
Atlanta Braves,900,2025-03-02 20:43:28.388883
Philadelphia Phillies,1200,2025-03-02 20:43:28.388883
New York Mets,1000,2025-03-02 20:43:28.388883
Houston Astros,1800,2025-03-02 20:43:28.388883
Baltimore Orioles,1300,2025-03-02 20:43:28.388883
San Diego Padres,2800,2025-03-02 20:43:28.388883
Texas Rangers,3000,2025-03-02 20:43:28.388883
Boston Red Sox,2500,2025-03-02 20:43:28.388883
Seattle Mariners,3000,2025-03-02 20:43:28.388883
Chicago Cubs,2800,2025-03-02 20:43:28.388883
Arizona Diamondbacks,2800,2025-03-02 20:43:28.388883
Detroit Tigers,2800,2025-03-02 20:43:28.388883
Cleveland Guardians,2800,2025-03-02 20:43:28.388883
Kansas City Royals,4000,2025-03-02 20:43:28.388883
Minnesota Twins,4000,2025-03-02 20:43:28.388883
Milwaukee Brewers,4000,2025-03-02 20:43:28.388883
San Francisco Giants,8000,2025-03-02 20:43:28.388883
Toronto Blue Jays,4500,2025-03-02 20:43:28.388883
Tampa Bay Rays,6000,2025-03-02 20:43:28.388883
Cincinnati Reds,7000,2025-03-02 20:43:28.388883
Pittsburgh Pirates,10000,2025-03-02 20:43:28.388883
Los Angeles Angels,15000,2025-03-02 20:43:28.388883
St. Louis Cardinals,10000,2025-03-02 20:43:28.388883
Washington Nationals,15000,2025-03-02 20:43:28.388883
Miami Marlins,50000,2025-03-02 20:43:28.388883
Colorado Rockies,50000,2025-03-02 20:43:28.388883
Chicago White Sox,50000,2025-03-02 20:43:28.388883
Los Angeles Dodgers,250,2025-03-03 20:45:09.072252
New York Yankees,800,2025-03-03 20:45:09.072252
Atlanta Braves,900,2025-03-03 20:45:09.072252
Philadelphia Phillies,1200,2025-03-03 20:45:09.072252
New York Mets,1000,2025-03-03 20:45:09.072252
Houston Astros,1800,2025-03-03 20:45:09.072252
Baltimore Orioles,1300,2025-03-03 20:45:09.072252
San Diego Padres,2800,2025-03-03 20:45:09.072252
Texas Rangers,2500,2025-03-03 20:45:09.072252
Boston Red Sox,2500,2025-03-03 20:45:09.072252
Seattle Mariners,3000,2025-03-03 20:45:09.072252
Chicago Cubs,2800,2025-03-03 20:45:09.072252
Arizona Diamondbacks,2800,2025-03-03 20:45:09.072252
Detroit Tigers,2800,2025-03-03 20:45:09.072252
Cleveland Guardians,2800,2025-03-03 20:45:09.072252
Kansas City Royals,4000,2025-03-03 20:45:09.072252
Minnesota Twins,4000,2025-03-03 20:45:09.072252
Milwaukee Brewers,4000,2025-03-03 20:45:09.072252
San Francisco Giants,8000,2025-03-03 20:45:09.072252
Toronto Blue Jays,4500,2025-03-03 20:45:09.072252
Tampa Bay Rays,6000,2025-03-03 20:45:09.072252
Cincinnati Reds,7000,2025-03-03 20:45:09.072252
Pittsburgh Pirates,10000,2025-03-03 20:45:09.072252
Los Angeles Angels,15000,2025-03-03 20:45:09.072252
St. Louis Cardinals,10000,2025-03-03 20:45:09.072252
Washington Nationals,15000,2025-03-03 20:45:09.072252
Miami Marlins,50000,2025-03-03 20:45:09.072252
Colorado Rockies,50000,2025-03-03 20:45:09.072252
Chicago White Sox,50000,2025-03-03 20:45:09.072252
Los Angeles Dodgers,250,2025-03-04 20:43:34.319441
New York Yankees,800,2025-03-04 20:43:34.319441
Atlanta Braves,900,2025-03-04 20:43:34.319441
Philadelphia Phillies,1200,2025-03-04 20:43:34.319441
New York Mets,1000,2025-03-04 20:43:34.319441
Houston Astros,1800,2025-03-04 20:43:34.319441
Baltimore Orioles,1300,2025-03-04 20:43:34.319441
San Diego Padres,2800,2025-03-04 20:43:34.319441
Texas Rangers,2500,2025-03-04 20:43:34.319441
Boston Red Sox,2500,2025-03-04 20:43:34.319441
Seattle Mariners,3000,2025-03-04 20:43:34.319441
Chicago Cubs,2800,2025-03-04 20:43:34.319441
Arizona Diamondbacks,2800,2025-03-04 20:43:34.319441
Detroit Tigers,2800,2025-03-04 20:43:34.319441
Cleveland Guardians,2800,2025-03-04 20:43:34.319441
Kansas City Royals,4000,2025-03-04 20:43:34.319441
Minnesota Twins,4000,2025-03-04 20:43:34.319441
Milwaukee Brewers,4000,2025-03-04 20:43:34.319441
San Francisco Giants,8000,2025-03-04 20:43:34.319441
Toronto Blue Jays,4500,2025-03-04 20:43:34.319441
Tampa Bay Rays,6000,2025-03-04 20:43:34.319441
Cincinnati Reds,7000,2025-03-04 20:43:34.319441
Pittsburgh Pirates,10000,2025-03-04 20:43:34.319441
Los Angeles Angels,15000,2025-03-04 20:43:34.319441
 Athletics,15000,2025-03-04 20:43:34.319441
St. Louis Cardinals,10000,2025-03-04 20:43:34.319441
Washington Nationals,15000,2025-03-04 20:43:34.319441
Miami Marlins,50000,2025-03-04 20:43:34.319441
Colorado Rockies,50000,2025-03-04 20:43:34.319441
Chicago White Sox,50000,2025-03-04 20:43:34.319441
Los Angeles Dodgers,250,2025-03-05 20:44:43.769235
New York Yankees,800,2025-03-05 20:44:43.769235
Atlanta Braves,900,2025-03-05 20:44:43.769235
Philadelphia Phillies,1200,2025-03-05 20:44:43.769235
New York Mets,1000,2025-03-05 20:44:43.769235
Houston Astros,1800,2025-03-05 20:44:43.769235
Baltimore Orioles,1300,2025-03-05 20:44:43.769235
San Diego Padres,2800,2025-03-05 20:44:43.769235
Texas Rangers,2500,2025-03-05 20:44:43.769235
Boston Red Sox,2500,2025-03-05 20:44:43.769235
Seattle Mariners,3000,2025-03-05 20:44:43.769235
Chicago Cubs,2800,2025-03-05 20:44:43.769235
Arizona Diamondbacks,2800,2025-03-05 20:44:43.769235
Detroit Tigers,2800,2025-03-05 20:44:43.769235
Cleveland Guardians,2800,2025-03-05 20:44:43.769235
Kansas City Royals,4000,2025-03-05 20:44:43.769235
Minnesota Twins,4000,2025-03-05 20:44:43.769235
Milwaukee Brewers,4000,2025-03-05 20:44:43.769235
San Francisco Giants,8000,2025-03-05 20:44:43.769235
Toronto Blue Jays,4500,2025-03-05 20:44:43.769235
Tampa Bay Rays,6000,2025-03-05 20:44:43.769235
Cincinnati Reds,7000,2025-03-05 20:44:43.769235
Pittsburgh Pirates,10000,2025-03-05 20:44:43.769235
Los Angeles Angels,15000,2025-03-05 20:44:43.769235
 Athletics,15000,2025-03-05 20:44:43.769235
St. Louis Cardinals,10000,2025-03-05 20:44:43.769235
Washington Nationals,15000,2025-03-05 20:44:43.769235
Miami Marlins,50000,2025-03-05 20:44:43.769235
Colorado Rockies,50000,2025-03-05 20:44:43.769235
Chicago White Sox,50000,2025-03-05 20:44:43.769235
Los Angeles Dodgers,250,2025-03-06 20:44:06.173305
New York Yankees,800,2025-03-06 20:44:06.173305
Atlanta Braves,900,2025-03-06 20:44:06.173305
Philadelphia Phillies,1200,2025-03-06 20:44:06.173305
New York Mets,1000,2025-03-06 20:44:06.173305
Houston Astros,1800,2025-03-06 20:44:06.173305
Baltimore Orioles,1300,2025-03-06 20:44:06.173305
San Diego Padres,2800,2025-03-06 20:44:06.173305
Texas Rangers,2500,2025-03-06 20:44:06.173305
Boston Red Sox,2500,2025-03-06 20:44:06.173305
Seattle Mariners,3000,2025-03-06 20:44:06.173305
Chicago Cubs,2800,2025-03-06 20:44:06.173305
Arizona Diamondbacks,2800,2025-03-06 20:44:06.173305
Detroit Tigers,2800,2025-03-06 20:44:06.173305
Cleveland Guardians,2800,2025-03-06 20:44:06.173305
Kansas City Royals,4000,2025-03-06 20:44:06.173305
Minnesota Twins,4000,2025-03-06 20:44:06.173305
Milwaukee Brewers,4000,2025-03-06 20:44:06.173305
San Francisco Giants,8000,2025-03-06 20:44:06.173305
Toronto Blue Jays,4500,2025-03-06 20:44:06.173305
Tampa Bay Rays,6000,2025-03-06 20:44:06.173305
Cincinnati Reds,7000,2025-03-06 20:44:06.173305
Pittsburgh Pirates,10000,2025-03-06 20:44:06.173305
Los Angeles Angels,15000,2025-03-06 20:44:06.173305
 Athletics,15000,2025-03-06 20:44:06.173305
St. Louis Cardinals,10000,2025-03-06 20:44:06.173305
Washington Nationals,15000,2025-03-06 20:44:06.173305
Miami Marlins,50000,2025-03-06 20:44:06.173305
Colorado Rockies,50000,2025-03-06 20:44:06.173305
Chicago White Sox,50000,2025-03-06 20:44:06.173305
Los Angeles Dodgers,250,2025-03-07 20:43:23.066197
New York Yankees,800,2025-03-07 20:43:23.066197
Atlanta Braves,900,2025-03-07 20:43:23.066197
Philadelphia Phillies,1200,2025-03-07 20:43:23.066197
New York Mets,1000,2025-03-07 20:43:23.066197
Houston Astros,1800,2025-03-07 20:43:23.066197
Baltimore Orioles,1300,2025-03-07 20:43:23.066197
San Diego Padres,2800,2025-03-07 20:43:23.066197
Texas Rangers,2500,2025-03-07 20:43:23.066197
Boston Red Sox,2500,2025-03-07 20:43:23.066197
Seattle Mariners,3000,2025-03-07 20:43:23.066197
Chicago Cubs,2800,2025-03-07 20:43:23.066197
Arizona Diamondbacks,2800,2025-03-07 20:43:23.066197
Detroit Tigers,2800,2025-03-07 20:43:23.066197
Cleveland Guardians,2800,2025-03-07 20:43:23.066197
Kansas City Royals,4000,2025-03-07 20:43:23.066197
Minnesota Twins,4000,2025-03-07 20:43:23.066197
Milwaukee Brewers,4000,2025-03-07 20:43:23.066197
San Francisco Giants,8000,2025-03-07 20:43:23.066197
Toronto Blue Jays,4500,2025-03-07 20:43:23.066197
Tampa Bay Rays,6000,2025-03-07 20:43:23.066197
Cincinnati Reds,7000,2025-03-07 20:43:23.066197
Pittsburgh Pirates,10000,2025-03-07 20:43:23.066197
Los Angeles Angels,15000,2025-03-07 20:43:23.066197
 Athletics,15000,2025-03-07 20:43:23.066197
St. Louis Cardinals,10000,2025-03-07 20:43:23.066197
Washington Nationals,15000,2025-03-07 20:43:23.066197
Miami Marlins,50000,2025-03-07 20:43:23.066197
Colorado Rockies,50000,2025-03-07 20:43:23.066197
Chicago White Sox,50000,2025-03-07 20:43:23.066197
Los Angeles Dodgers,250,2025-03-08 20:43:32.314097
New York Yankees,800,2025-03-08 20:43:32.314097
Atlanta Braves,900,2025-03-08 20:43:32.314097
Philadelphia Phillies,1200,2025-03-08 20:43:32.314097
New York Mets,1000,2025-03-08 20:43:32.314097
Houston Astros,1800,2025-03-08 20:43:32.314097
Baltimore Orioles,1300,2025-03-08 20:43:32.314097
San Diego Padres,2800,2025-03-08 20:43:32.314097
Texas Rangers,2500,2025-03-08 20:43:32.314097
Boston Red Sox,2500,2025-03-08 20:43:32.314097
Seattle Mariners,3000,2025-03-08 20:43:32.314097
Chicago Cubs,2800,2025-03-08 20:43:32.314097
Arizona Diamondbacks,2800,2025-03-08 20:43:32.314097
Detroit Tigers,2800,2025-03-08 20:43:32.314097
Cleveland Guardians,2800,2025-03-08 20:43:32.314097
Kansas City Royals,4000,2025-03-08 20:43:32.314097
Minnesota Twins,4000,2025-03-08 20:43:32.314097
Milwaukee Brewers,4000,2025-03-08 20:43:32.314097
San Francisco Giants,8000,2025-03-08 20:43:32.314097
Toronto Blue Jays,4500,2025-03-08 20:43:32.314097
Tampa Bay Rays,6000,2025-03-08 20:43:32.314097
Cincinnati Reds,7000,2025-03-08 20:43:32.314097
Pittsburgh Pirates,10000,2025-03-08 20:43:32.314097
Los Angeles Angels,15000,2025-03-08 20:43:32.314097
 Athletics,15000,2025-03-08 20:43:32.314097
St. Louis Cardinals,10000,2025-03-08 20:43:32.314097
Washington Nationals,15000,2025-03-08 20:43:32.314097
Miami Marlins,50000,2025-03-08 20:43:32.314097
Colorado Rockies,50000,2025-03-08 20:43:32.314097
Chicago White Sox,50000,2025-03-08 20:43:32.314097
Los Angeles Dodgers,250,2025-03-09 20:43:22.837610
New York Yankees,800,2025-03-09 20:43:22.837610
Atlanta Braves,900,2025-03-09 20:43:22.837610
Philadelphia Phillies,1200,2025-03-09 20:43:22.837610
New York Mets,1000,2025-03-09 20:43:22.837610
Houston Astros,1800,2025-03-09 20:43:22.837610
Baltimore Orioles,1300,2025-03-09 20:43:22.837610
Texas Rangers,2500,2025-03-09 20:43:22.837610
San Diego Padres,2800,2025-03-09 20:43:22.837610
Boston Red Sox,2500,2025-03-09 20:43:22.837610
Seattle Mariners,3000,2025-03-09 20:43:22.837610
Chicago Cubs,2800,2025-03-09 20:43:22.837610
Arizona Diamondbacks,2800,2025-03-09 20:43:22.837610
Detroit Tigers,2800,2025-03-09 20:43:22.837610
Kansas City Royals,4000,2025-03-09 20:43:22.837610
Cleveland Guardians,2800,2025-03-09 20:43:22.837610
Minnesota Twins,4000,2025-03-09 20:43:22.837610
Milwaukee Brewers,4000,2025-03-09 20:43:22.837610
Tampa Bay Rays,6000,2025-03-09 20:43:22.837610
San Francisco Giants,8000,2025-03-09 20:43:22.837610
Cincinnati Reds,7000,2025-03-09 20:43:22.837610
Toronto Blue Jays,4500,2025-03-09 20:43:22.837610
Pittsburgh Pirates,10000,2025-03-09 20:43:22.837610
Los Angeles Angels,15000,2025-03-09 20:43:22.837610
 Athletics,15000,2025-03-09 20:43:22.837610
St. Louis Cardinals,10000,2025-03-09 20:43:22.837610
Washington Nationals,15000,2025-03-09 20:43:22.837610
Miami Marlins,50000,2025-03-09 20:43:22.837610
Colorado Rockies,50000,2025-03-09 20:43:22.837610
Chicago White Sox,50000,2025-03-09 20:43:22.837610
Los Angeles Dodgers,250,2025-03-10 20:44:24.967629
New York Yankees,800,2025-03-10 20:44:24.967629
Atlanta Braves,900,2025-03-10 20:44:24.967629
Philadelphia Phillies,1200,2025-03-10 20:44:24.967629
New York Mets,1000,2025-03-10 20:44:24.967629
Houston Astros,1800,2025-03-10 20:44:24.967629
Baltimore Orioles,1300,2025-03-10 20:44:24.967629
Texas Rangers,2500,2025-03-10 20:44:24.967629
San Diego Padres,2800,2025-03-10 20:44:24.967629
Boston Red Sox,2500,2025-03-10 20:44:24.967629
Seattle Mariners,3000,2025-03-10 20:44:24.967629
Chicago Cubs,2800,2025-03-10 20:44:24.967629
Arizona Diamondbacks,2800,2025-03-10 20:44:24.967629
Detroit Tigers,2800,2025-03-10 20:44:24.967629
Kansas City Royals,4000,2025-03-10 20:44:24.967629
Cleveland Guardians,2800,2025-03-10 20:44:24.967629
Minnesota Twins,4000,2025-03-10 20:44:24.967629
Milwaukee Brewers,4000,2025-03-10 20:44:24.967629
Tampa Bay Rays,6000,2025-03-10 20:44:24.967629
San Francisco Giants,8000,2025-03-10 20:44:24.967629
Cincinnati Reds,7000,2025-03-10 20:44:24.967629
Toronto Blue Jays,4500,2025-03-10 20:44:24.967629
Pittsburgh Pirates,10000,2025-03-10 20:44:24.967629
Los Angeles Angels,15000,2025-03-10 20:44:24.967629
 Athletics,15000,2025-03-10 20:44:24.967629
St. Louis Cardinals,10000,2025-03-10 20:44:24.967629
Washington Nationals,15000,2025-03-10 20:44:24.967629
Miami Marlins,50000,2025-03-10 20:44:24.967629
Colorado Rockies,50000,2025-03-10 20:44:24.967629
Chicago White Sox,50000,2025-03-10 20:44:24.967629
Los Angeles Dodgers,250,2025-03-11 20:44:20.140368
New York Yankees,800,2025-03-11 20:44:20.140368
Atlanta Braves,900,2025-03-11 20:44:20.140368
Philadelphia Phillies,1200,2025-03-11 20:44:20.140368
New York Mets,1000,2025-03-11 20:44:20.140368
Houston Astros,1800,2025-03-11 20:44:20.140368
Baltimore Orioles,1300,2025-03-11 20:44:20.140368
Texas Rangers,2500,2025-03-11 20:44:20.140368
San Diego Padres,2800,2025-03-11 20:44:20.140368
Boston Red Sox,2500,2025-03-11 20:44:20.140368
Seattle Mariners,3000,2025-03-11 20:44:20.140368
Chicago Cubs,2800,2025-03-11 20:44:20.140368
Arizona Diamondbacks,2800,2025-03-11 20:44:20.140368
Detroit Tigers,2800,2025-03-11 20:44:20.140368
Kansas City Royals,4000,2025-03-11 20:44:20.140368
Cleveland Guardians,2800,2025-03-11 20:44:20.140368
Minnesota Twins,4000,2025-03-11 20:44:20.140368
Milwaukee Brewers,4000,2025-03-11 20:44:20.140368
Tampa Bay Rays,6000,2025-03-11 20:44:20.140368
San Francisco Giants,8000,2025-03-11 20:44:20.140368
Cincinnati Reds,7000,2025-03-11 20:44:20.140368
Toronto Blue Jays,4500,2025-03-11 20:44:20.140368
Pittsburgh Pirates,10000,2025-03-11 20:44:20.140368
Los Angeles Angels,15000,2025-03-11 20:44:20.140368
 Athletics,15000,2025-03-11 20:44:20.140368
St. Louis Cardinals,10000,2025-03-11 20:44:20.140368
Washington Nationals,15000,2025-03-11 20:44:20.140368
Miami Marlins,50000,2025-03-11 20:44:20.140368
Colorado Rockies,50000,2025-03-11 20:44:20.140368
Chicago White Sox,50000,2025-03-11 20:44:20.140368
Los Angeles Dodgers,230,2025-03-12 20:44:11.238782
New York Yankees,900,2025-03-12 20:44:11.238782
Atlanta Braves,900,2025-03-12 20:44:11.238782
Philadelphia Phillies,1200,2025-03-12 20:44:11.238782
New York Mets,1000,2025-03-12 20:44:11.238782
Houston Astros,1800,2025-03-12 20:44:11.238782
Baltimore Orioles,1400,2025-03-12 20:44:11.238782
Texas Rangers,2200,2025-03-12 20:44:11.238782
San Diego Padres,3000,2025-03-12 20:44:11.238782
Boston Red Sox,1800,2025-03-12 20:44:11.238782
Seattle Mariners,3000,2025-03-12 20:44:11.238782
Chicago Cubs,3000,2025-03-12 20:44:11.238782
Arizona Diamondbacks,3000,2025-03-12 20:44:11.238782
Detroit Tigers,2800,2025-03-12 20:44:11.238782
Kansas City Royals,3500,2025-03-12 20:44:11.238782
Cleveland Guardians,3000,2025-03-12 20:44:11.238782
Minnesota Twins,4000,2025-03-12 20:44:11.238782
Milwaukee Brewers,4500,2025-03-12 20:44:11.238782
Tampa Bay Rays,6000,2025-03-12 20:44:11.238782
San Francisco Giants,10000,2025-03-12 20:44:11.238782
Cincinnati Reds,7000,2025-03-12 20:44:11.238782
Toronto Blue Jays,4500,2025-03-12 20:44:11.238782
Pittsburgh Pirates,10000,2025-03-12 20:44:11.238782
Los Angeles Angels,15000,2025-03-12 20:44:11.238782
 Athletics,15000,2025-03-12 20:44:11.238782
St. Louis Cardinals,12500,2025-03-12 20:44:11.238782
Washington Nationals,25000,2025-03-12 20:44:11.238782
Miami Marlins,50000,2025-03-12 20:44:11.238782
Colorado Rockies,50000,2025-03-12 20:44:11.238782
Chicago White Sox,50000,2025-03-12 20:44:11.238782
Los Angeles Dodgers,230,2025-03-13 20:44:38.058307
New York Yankees,900,2025-03-13 20:44:38.058307
Atlanta Braves,900,2025-03-13 20:44:38.058307
Philadelphia Phillies,1200,2025-03-13 20:44:38.058307
New York Mets,1000,2025-03-13 20:44:38.058307
Houston Astros,1800,2025-03-13 20:44:38.058307
Baltimore Orioles,1400,2025-03-13 20:44:38.058307
Texas Rangers,2200,2025-03-13 20:44:38.058307
San Diego Padres,3000,2025-03-13 20:44:38.058307
Boston Red Sox,1800,2025-03-13 20:44:38.058307
Seattle Mariners,3000,2025-03-13 20:44:38.058307
Chicago Cubs,3000,2025-03-13 20:44:38.058307
Arizona Diamondbacks,3000,2025-03-13 20:44:38.058307
Detroit Tigers,2800,2025-03-13 20:44:38.058307
Kansas City Royals,3500,2025-03-13 20:44:38.058307
Cleveland Guardians,3000,2025-03-13 20:44:38.058307
Minnesota Twins,4000,2025-03-13 20:44:38.058307
Milwaukee Brewers,4500,2025-03-13 20:44:38.058307
Tampa Bay Rays,6000,2025-03-13 20:44:38.058307
San Francisco Giants,10000,2025-03-13 20:44:38.058307
Cincinnati Reds,7000,2025-03-13 20:44:38.058307
Toronto Blue Jays,4500,2025-03-13 20:44:38.058307
Pittsburgh Pirates,10000,2025-03-13 20:44:38.058307
Los Angeles Angels,15000,2025-03-13 20:44:38.058307
 Athletics,15000,2025-03-13 20:44:38.058307
St. Louis Cardinals,12500,2025-03-13 20:44:38.058307
Washington Nationals,25000,2025-03-13 20:44:38.058307
Miami Marlins,50000,2025-03-13 20:44:38.058307
Colorado Rockies,50000,2025-03-13 20:44:38.058307
Chicago White Sox,50000,2025-03-13 20:44:38.058307
Los Angeles Dodgers,230,2025-03-14 20:43:42.947163
New York Yankees,900,2025-03-14 20:43:42.947163
Atlanta Braves,900,2025-03-14 20:43:42.947163
Philadelphia Phillies,1200,2025-03-14 20:43:42.947163
New York Mets,1000,2025-03-14 20:43:42.947163
Houston Astros,1800,2025-03-14 20:43:42.947163
Baltimore Orioles,1400,2025-03-14 20:43:42.947163
Texas Rangers,2200,2025-03-14 20:43:42.947163
San Diego Padres,3000,2025-03-14 20:43:42.947163
Boston Red Sox,1800,2025-03-14 20:43:42.947163
Seattle Mariners,3000,2025-03-14 20:43:42.947163
Chicago Cubs,3000,2025-03-14 20:43:42.947163
Arizona Diamondbacks,3000,2025-03-14 20:43:42.947163
Detroit Tigers,2800,2025-03-14 20:43:42.947163
Kansas City Royals,3500,2025-03-14 20:43:42.947163
Cleveland Guardians,3000,2025-03-14 20:43:42.947163
Minnesota Twins,4000,2025-03-14 20:43:42.947163
Milwaukee Brewers,4500,2025-03-14 20:43:42.947163
Tampa Bay Rays,6000,2025-03-14 20:43:42.947163
San Francisco Giants,10000,2025-03-14 20:43:42.947163
Cincinnati Reds,7000,2025-03-14 20:43:42.947163
Toronto Blue Jays,4500,2025-03-14 20:43:42.947163
Pittsburgh Pirates,10000,2025-03-14 20:43:42.947163
Los Angeles Angels,15000,2025-03-14 20:43:42.947163
 Athletics,15000,2025-03-14 20:43:42.947163
St. Louis Cardinals,12500,2025-03-14 20:43:42.947163
Washington Nationals,25000,2025-03-14 20:43:42.947163
Miami Marlins,50000,2025-03-14 20:43:42.947163
Colorado Rockies,50000,2025-03-14 20:43:42.947163
Chicago White Sox,50000,2025-03-14 20:43:42.947163
Los Angeles Dodgers,230,2025-03-15 20:43:26.656951
New York Yankees,900,2025-03-15 20:43:26.656951
Atlanta Braves,900,2025-03-15 20:43:26.656951
Philadelphia Phillies,1200,2025-03-15 20:43:26.656951
New York Mets,1000,2025-03-15 20:43:26.656951
Houston Astros,1800,2025-03-15 20:43:26.656951
Baltimore Orioles,1400,2025-03-15 20:43:26.656951
Texas Rangers,2200,2025-03-15 20:43:26.656951
San Diego Padres,3000,2025-03-15 20:43:26.656951
Boston Red Sox,1800,2025-03-15 20:43:26.656951
Seattle Mariners,3000,2025-03-15 20:43:26.656951
Chicago Cubs,3000,2025-03-15 20:43:26.656951
Arizona Diamondbacks,3000,2025-03-15 20:43:26.656951
Detroit Tigers,2800,2025-03-15 20:43:26.656951
Kansas City Royals,3500,2025-03-15 20:43:26.656951
Cleveland Guardians,3000,2025-03-15 20:43:26.656951
Minnesota Twins,4000,2025-03-15 20:43:26.656951
Milwaukee Brewers,4500,2025-03-15 20:43:26.656951
Tampa Bay Rays,6000,2025-03-15 20:43:26.656951
San Francisco Giants,10000,2025-03-15 20:43:26.656951
Cincinnati Reds,7000,2025-03-15 20:43:26.656951
Toronto Blue Jays,4500,2025-03-15 20:43:26.656951
Pittsburgh Pirates,10000,2025-03-15 20:43:26.656951
Los Angeles Angels,15000,2025-03-15 20:43:26.656951
 Athletics,15000,2025-03-15 20:43:26.656951
St. Louis Cardinals,12500,2025-03-15 20:43:26.656951
Washington Nationals,25000,2025-03-15 20:43:26.656951
Miami Marlins,50000,2025-03-15 20:43:26.656951
Colorado Rockies,50000,2025-03-15 20:43:26.656951
Chicago White Sox,50000,2025-03-15 20:43:26.656951
